,Num Coefficients,Num Epochs,Dropout Probability,Accuracy
0,90.0,300.0,0.05,0.975101637840271
1,55.0,250.0,0.1,0.9793699383735657
2,90.0,300.0,0.3,0.97876016497612
3,80.0,250.0,0.3,0.9809959530830383
4,85.0,250.0,0.4,0.9783536732196808
